<?xml version="1.0" encoding="UTF-8"?>
<project-private xmlns="http://www.netbeans.org/ns/project-private/1">
    <editor-bookmarks xmlns="http://www.netbeans.org/ns/editor-bookmarks/2" lastBookmarkId="0"/>
    <open-files xmlns="http://www.netbeans.org/ns/projectui-open-files/2">
        <group>
            <file>file:/C:/Users/fernando.lcoutinho/Documents/NetBeansProjects/projetoLojaDeGames/src/br/senac/Fernando/ui/principal/main.java</file>
            <file>file:/C:/Users/fernando.lcoutinho/Documents/NetBeansProjects/projetoLojaDeGames/src/br/senac/Fernando/ui/cliente/cadastrarCliente.java</file>
            <file>file:/C:/Users/fernando.lcoutinho/Documents/NetBeansProjects/projetoLojaDeGames/src/br/senac/Fernando/ui/cliente/gerenciarCliente.java</file>
        </group>
    </open-files>
</project-private>
